"x","predicted","std.error","conf.low","conf.high","response.level","group"
2.7,0.518421477845454,0.0264218226408766,0.466635657063431,0.570207298627477,"1","1"
2.7,0.136629948768157,0.00695548406368386,0.122997450508294,0.150262447028019,"2","1"
2.7,0.130431183037413,0.00816322102295413,0.114431563834583,0.146430802240243,"3","1"
2.7,0.153745709252868,0.0126964508567778,0.128861122842101,0.178630295663635,"4","1"
2.7,0.0487669350493579,0.00642790271637249,0.0361684772291407,0.0613653928695752,"5","1"
2.7,0.0120047460467506,0.0022540426116241,0.00758690370834877,0.0164225883851525,"6","1"
3.83838383838384,0.519481007856592,0.0262151655923101,0.46810022744691,0.570861788266273,"1","1"
3.83838383838384,0.136559268331871,0.00695779059838908,0.122922249347057,0.150196287316685,"2","1"
3.83838383838384,0.130237850094691,0.00814393845280264,0.114276024034887,0.146199676154495,"3","1"
3.83838383838384,0.153271161090674,0.0125971383358255,0.128581223644187,0.177961098537161,"4","1"
3.83838383838384,0.0485179078611747,0.00635138783654695,0.0360694164496969,0.0609663992726524,"5","1"
3.83838383838384,0.0119328047649976,0.00222920607381025,0.00756364114621155,0.0163019683837836,"6","1"
4.97676767676768,0.520540477512816,0.0260151271497396,0.469551765246096,0.571529189779536,"1","1"
4.97676767676768,0.136487671304319,0.00696009870979814,0.122846128504271,0.150129214104367,"2","1"
4.97676767676768,0.130043862644862,0.00812519234062429,0.114118778289777,0.145968946999946,"3","1"
4.97676767676768,0.152796808033609,0.0125005545538198,0.128296171321344,0.177297444745874,"4","1"
4.97676767676768,0.048269899541552,0.00627683495573926,0.035967529091401,0.060572269991703,"5","1"
4.97676767676768,0.0118612809628419,0.0022049676503102,0.00753962378115799,0.0161829381445258,"6","1"
6.11515151515152,0.521599879190236,0.0258218670296412,0.470989949798558,0.572209808581915,"1","1"
6.11515151515152,0.136415159435207,0.00696241576047488,0.122769075299283,0.150061243571132,"2","1"
6.11515151515152,0.129849223483597,0.00810700494622448,0.113959785766509,0.145738661200686,"3","1"
6.11515151515152,0.152322657157369,0.012406762169988,0.128005850139439,0.1766394641753,"4","1"
6.11515151515152,0.0480229083562729,0.00620426013125239,0.0358627819483005,0.0601830347642454,"5","1"
6.11515151515152,0.0117901723773165,0.00218132510984473,0.00751485372344795,0.016065491031185,"6","1"
7.25353535353535,0.52265920526701,0.0256355437421092,0.472414462808374,0.572903947725645,"1","1"
7.25353535353535,0.136341734490971,0.00696474937530683,0.122691076554022,0.149992392427921,"2","1"
7.25353535353535,0.129653935410157,0.0080893986071821,0.113799005483492,0.145508865336822,"3","1"
7.25353535353535,0.151848715525603,0.0123158232421691,0.12771014553099,0.175987285520215,"4","1"
7.25353535353535,0.047776932550388,0.00613367882206078,0.0357551429664129,0.0597987221343632,"5","1"
7.25353535353535,0.0117194767558715,0.00215827607062967,0.00748933338874271,0.0159496201230003,"6","1"
8.39191919191919,0.523718448123589,0.0254563141178036,0.473824989273555,0.573611906973622,"1","1"
8.39191919191919,0.136267398254533,0.00696710743799129,0.122612118599649,0.149922677909417,"2","1"
8.39191919191919,0.129458001227473,0.00807239572080322,0.113636396345743,0.145279606109202,"3","1"
8.39191919191919,0.151374990189615,0.012227799062762,0.127408944416409,0.175341035962821,"4","1"
8.39191919191919,0.0475319703484434,0.00606510580345008,0.0356445814112563,0.0594193592856304,"5","1"
8.39191919191919,0.0116491918563474,0.00213581799131022,0.00746306551584667,0.0158353181968481,"6","1"
9.53030303030303,0.52477760014297,0.025284332810793,0.475221218460691,0.574333981825249,"1","1"
9.53030303030303,0.13619215252506,0.00696949808739111,0.122532187283453,0.149852117766667,"2","1"
9.53030303030303,0.129261423742233,0.00805601872515303,0.113471917182153,0.145050930302313,"3","1"
9.53030303030303,0.150901488188079,0.0121427499868887,0.127102135540503,0.174700840835655,"4","1"
9.53030303030303,0.0472880199547086,0.00599855507843346,0.0355310680416992,0.059044971867718,"5","1"
9.53030303030303,0.0115793154469488,0.00211394816204027,0.00743605318416521,0.0157225777097324,"6","1"
10.6686868686869,0.525836653710938,0.025119751779382,0.476602844922763,0.575070462499113,"1","1"
10.6686868686869,0.136115999117724,0.00697192971375188,0.122451267976026,0.149780730259423,"2","1"
10.6686868686869,0.129064205764972,0.00804029007917596,0.113305526784532,0.144822884745411,"3","1"
10.6686868686869,0.150428216546744,0.0120607352533776,0.126789609823051,0.174066823270436,"4","1"
10.6686868686869,0.047045079553405,0.00593403978636926,0.0354145752892934,0.0586755838175165,"5","1"
10.6686868686869,0.0115098453062173,0.00209266369576281,0.00740829983076775,0.0156113907816669,"6","1"
11.8070707070707,0.526895601216311,0.0249627197474792,0.477969569555085,0.575821632877537,"1","1"
11.8070707070707,0.13603893986346,0.00697441095477297,0.122369345578724,0.149708534148197,"2","1"
11.8070707070707,0.128866350110154,0.00802523224191956,0.113137183948422,0.144595516271886,"3","1"
11.8070707070707,0.149955182278137,0.0119818127993027,0.126471260722003,0.173439103834271,"4","1"
11.8070707070707,0.0468031473089329,0.00587157210927906,0.0352950774421161,0.0583112171757497,"5","1"
11.8070707070707,0.0114407792230045,0.00207196151974982,0.00737980926694195,0.015501749179067,"6","1"
12.9454545454545,0.527954435051186,0.0248133816495285,0.479321100683463,0.576587769418909,"1","1"
12.9454545454545,0.135960976608726,0.00697695069152363,0.122286404531427,0.149635548686024,"2","1"
12.9454545454545,0.128667859596267,0.00801086765088141,0.112966847515622,0.144368871676911,"3","1"
12.9454545454545,0.149482392381278,0.0119060390689466,0.126146984607616,0.17281780015494,"4","1"
12.9454545454545,0.0465622213660997,0.00581116317644303,0.035172550831986,0.0579518919002134,"5","1"
12.9454545454545,0.0113721149964447,0.00205183836746159,0.00735058569412257,0.0153936442987669,"6","1"
14.0838383838384,0.529013147611176,0.0246718780625154,0.480657155177682,0.577369140044671,"1","1"
14.0838383838384,0.135882111215259,0.00697955804419646,0.122202428820627,0.149561793609891,"2","1"
14.0838383838384,0.12846873704591,0.00799721869950596,0.112794476418388,0.144142997673432,"3","1"
14.0838383838384,0.149009853841379,0.0118334688181979,0.125816681145534,0.172203026537225,"4","1"
14.0838383838384,0.0463222998503469,0.00575282296792435,0.0350469740237803,0.0575976256769134,"5","1"
14.0838383838384,0.0113038504359281,0.00203229077078711,0.00732063371907219,0.015287067152784,"6","1"
15.2222222222222,0.53007173129566,0.0245383446290099,0.481977459582569,0.578166003008751,"1","1"
15.2222222222222,0.135802345559843,0.00698224236769011,0.122117401987841,0.149487289131846,"2","1"
15.2222222222222,0.128268985285891,0.00798430771386368,0.112620029725233,0.143917940846549,"3","1"
15.2222222222222,0.148537573629556,0.0117641549155204,0.125480253686586,0.171594893572526,"4","1"
15.2222222222222,0.0460833808679773,0.00569656021774774,0.0349183280054281,0.0572484337305265,"5","1"
15.2222222222222,0.0112359833610722,0.00201331505272734,0.00728995836819428,0.0151820083539502,"6","1"
16.3606060606061,0.531130178508013,0.0244129114756483,0.483281751257978,0.578978605758048,"1","1"
16.3606060606061,0.135721681534062,0.00698501324701313,0.122031307138381,0.149412055929743,"2","1"
16.3606060606061,0.128068607147315,0.00797215692854933,0.112443466688257,0.143693747606374,"3","1"
16.3606060606061,0.148065558702532,0.0116981481407673,0.125137609660813,0.17099350774425,"4","1"
16.3606060606061,0.0458454625063823,0.00564238231752541,0.0347865963770269,0.0569043286357378,"5","1"
16.3606060606061,0.0111685116016951,0.00199490732058351,0.00725856510085609,0.0150784581025341,"6","1"
17.4989898989899,0.532188481655852,0.024295702631861,0.484569779518309,0.579807183793394,"1","1"
17.4989898989899,0.135640121044064,0.00698788049250136,0.121944126950492,0.149336115137637,"2","1"
17.4989898989899,0.127867605465686,0.00796078846184439,0.112264746791929,0.143470464139443,"3","1"
17.4989898989899,0.147593816002343,0.0116354969832337,0.124788660972981,0.170398971031705,"4","1"
17.4989898989899,0.0456085428342681,0.00559029522138605,0.0346517655374051,0.0565653201311311,"5","1"
17.4989898989899,0.0111014329977865,0.00197706345971219,0.0072264598216005,0.0149764061739726,"6","1"
18.6373737373737,0.533246633151269,0.0241868354539966,0.485841306761439,0.580651959541098,"1","1"
18.6373737373737,0.135557666010325,0.00699085413484024,0.121855843684865,0.149259488335784,"2","1"
18.6373737373737,0.127665983080997,0.00795022429019485,0.112083829803199,0.143248136358794,"3","1"
18.6373737373737,0.147122352456047,0.0115762474404502,0.124433324396641,0.169811380515453,"4","1"
18.6373737373737,0.0453726199018822,0.00554030335311618,0.034513824866348,0.0562314149374165,"5","1"
18.6373737373737,0.0110347453994809,0.00195977912790697,0.00719364889112992,0.0148758419078319,"6","1"
19.7757575757576,0.534304625411068,0.024086420060286,0.487096109576404,0.581513141245731,"1","1"
19.7757575757576,0.135474318367405,0.00699394441988621,0.121766439194553,0.149182197540257,"2","1"
19.7757575757576,0.127463742837833,0.00794048622205939,0.11190067582286,0.143026809852806,"3","1"
19.7757575757576,0.146651174975427,0.0115204428193226,0.124071521963601,0.169230827987252,"4","1"
19.7757575757576,0.0451376917412397,0.00549240951646517,0.034372766900623,0.0559026165818565,"5","1"
19.7757575757576,0.0109684466670278,0.00194304975046535,0.00716013913594617,0.0147767541981094,"6","1"
20.9141414141414,0.535362450857,0.0239945587822931,0.488333979818777,0.582390921895224,"1","1"
20.9141414141414,0.135390080063721,0.00699716180327795,0.121675894935297,0.149104265192145,"2","1"
20.9141414141414,0.127260887585469,0.00793159587119354,0.111715245338003,0.142806529832935,"3","1"
20.9141414141414,0.146180290456696,0.0114681235412952,0.123703181345502,0.168657399567891,"4","1"
20.9141414141414,0.0449037563663489,0.00544661480959649,0.0342285875018772,0.0555789252308205,"5","1"
20.9141414141414,0.0109025346707645,0.00192687051599556,0.0071259378565411,0.0146791314849879,"6","1"
22.0525252525253,0.536420101915997,0.0239113456386336,0.489554725642386,0.583285478189608,"1","1"
22.0525252525253,0.135304953061302,0.00700051694483208,0.121584191976268,0.149025714146335,"2","1"
22.0525252525253,0.12705742017797,0.00792357462943744,0.111527499275457,0.142587341080482,"3","1"
22.0525252525253,0.145709705780208,0.0114193269532818,0.123328236224089,0.168091175336328,"4","1"
22.0525252525253,0.0446708117734363,0.00540291854468164,0.0340812860144568,0.0552603375324159,"5","1"
22.0525252525253,0.0108370072910871,0.00191123637301576,0.0070910528340332,0.0145829617481409,"6","1"
23.1909090909091,0.537477571020399,0.0238368658367596,0.490758172476037,0.584196969564761,"1","1"
23.1909090909091,0.135218939335557,0.00700402070271596,0.121491311011261,0.148946567659854,"2","1"
23.1909090909091,0.126853343474291,0.0079164436390839,0.111337399056045,0.142369287892536,"3","1"
23.1909090909091,0.145239427810159,0.0113740871461381,0.122946626646708,0.167532228973609,"4","1"
23.1909090909091,0.0444388559411726,0.00536131817363505,0.0339308654111878,0.0549468464711573,"5","1"
23.1909090909091,0.0107718624184212,0.00189614202739244,0.00705549233515926,0.0144882325016832,"6","1"
24.3292929292929,0.53853485060819,0.0237711953085316,0.491944163934001,0.585125537282379,"1","1"
24.3292929292929,0.135132040875045,0.00700768412739083,0.121397232370326,0.148866849379764,"2","1"
24.3292929292929,0.126648660338382,0.00791022376490848,0.111144906649509,0.142152414027256,"3","1"
24.3292929292929,0.144769463394293,0.0113324347824601,0.122558299363522,0.166980627425063,"4","1"
24.3292929292929,0.044207886830896,0.00532180922096595,0.0337773324252096,0.0546384412365824,"5","1"
24.3292929292929,0.010707097953194,0.00188158194066085,0.00701926511553777,0.0143949307908503,"6","1"
25.4676767676768,0.539591933123221,0.0237144002851162,0.493112562649427,0.586071303597015,"1","1"
25.4676767676768,0.135044259681235,0.00701151845532102,0.121301936031868,0.148786583330602,"2","1"
25.4676767676768,0.126443373639291,0.00790493556594817,0.110949984629923,0.141936762648659,"3","1"
25.4676767676768,0.144299819363611,0.0112943969354753,0.12216320814298,0.166436430584242,"4","1"
25.4676767676768,0.0439779023868376,0.00528438522469101,0.0336206976660076,0.0543351071076676,"5","1"
25.4676767676768,0.0106427118058046,0.0018675503292638,0.0069823804211316,0.0143030431904775,"6","1"
26.6060606060606,0.54064881101544,0.0236665369164402,0.49426325102043,0.587034371010451,"1","1"
26.6060606060606,0.134955597768278,0.00701553510244247,0.121205401635214,0.148705793901342,"2","1"
26.6060606060606,0.126237486251266,0.00790059926712156,0.110752596231424,0.141722376271108,"3","1"
26.6060606060606,0.143830502532077,0.0112599969407425,0.12176131406219,0.165899691001963,"4","1"
26.6060606060606,0.0437489005363445,0.00524903768619148,0.0334609757179158,0.0540368253547733,"5","1"
26.6060606060606,0.0105787018965946,0.00185404116473933,0.00694484798785082,0.0142125558053384,"6","1"
27.7444444444444,0.541705476741118,0.0236276509400221,0.495396131859391,0.588014821622845,"1","1"
27.7444444444444,0.134866057162775,0.00701974565738608,0.121107608493667,0.148624505831883,"2","1"
27.7444444444444,0.126031001053862,0.0078972347307889,0.110552705404057,0.141509296703667,"3","1"
27.7444444444444,0.143361519696322,0.0112292542622987,0.121352585768974,0.16537045362367,"4","1"
27.7444444444444,0.0435208791901031,0.00521575602982653,0.0332981852194955,0.0537435731607107,"5","1"
27.7444444444444,0.0105150661558194,0.00184104817488051,0.00690667803925044,0.0141234542723884,"6","1"
28.8828282828283,0.54276192276307,0.0235977774034837,0.496511128937049,0.589012716589091,"1","1"
28.8828282828283,0.134775639903549,0.00702416187445273,0.121008535608042,0.148542744199055,"2","1"
28.8828282828283,0.125823920932047,0.007894861428352,0.110350276869543,0.141297564994552,"3","1"
28.8828282828283,0.142892877635353,0.0112021843747785,0.12093699971261,0.164848755558097,"4","1"
28.8828282828283,0.0432938362423623,0.00518452757301964,0.033132348922389,0.0534553235623357,"5","1"
28.8828282828283,0.0104518025236184,0.00182856484588323,0.00686788128229128,0.0140357237649456,"6","1"
30.0212121212121,0.543818141550878,0.02357694044443,0.49760818741415,0.590028095687607,"1","1"
30.0212121212121,0.134684348041411,0.00702879566633519,0.120908161680703,0.148460534402119,"2","1"
30.0212121212121,0.125616248776309,0.00789349841200135,0.110145276176762,0.141087221375856,"3","1"
30.0212121212121,0.142424583110261,0.0111787986628986,0.120514540340555,0.164334625879966,"4","1"
30.0212121212121,0.0430677695711557,0.00515533750742562,0.032963493728453,0.0531720454138584,"5","1"
30.0212121212121,0.0103889089499853,0.00181658442549026,0.00682846890114804,0.0139493489988226,"6","1"
31.159595959596,0.544874125581113,0.0235651531306817,0.498687274154805,0.59106097700742,"1","1"
31.159595959596,0.134592183638941,0.00703365909658478,0.120806465130103,0.14837790214778,"2","1"
31.159595959596,0.125407987482762,0.00789316428671912,0.109937669756734,0.140878305208789,"3","1"
31.159595959596,0.141956642863923,0.0111591043395249,0.120085200258729,0.163828085469116,"4","1"
31.159595959596,0.042842677038523,0.00512816889166015,0.0327916507042304,0.0528937033728156,"5","1"
31.159595959596,0.0103263833947383,0.00180509992713156,0.00678845254906462,0.0138643142404121,"6","1"
32.2979797979798,0.545929867337551,0.0235624173630685,0.499748377917235,0.592111356757866,"1","1"
32.2979797979798,0.134499148770255,0.00703876437182111,0.120703424105822,0.148294873434688,"2","1"
32.2979797979798,0.125199139953254,0.00789387718264799,0.109727424976881,0.140670854929626,"3","1"
32.2979797979798,0.141489063620718,0.0111431043833541,0.119648980353373,0.163329146888062,"4","1"
32.2979797979798,0.0426185564907318,0.00510300265593388,0.0326168550720891,0.0526202579093744,"5","1"
32.2979797979798,0.0102642238274907,0.00179410413505245,0.00674784433827352,0.0137806033167079,"6","1"
33.4363636363636,0.546985359311392,0.0235687238421706,0.500791509419167,0.593179209203617,"1","1"
33.4363636363636,0.134405245520784,0.00704412383368281,0.120599016504125,0.148211474537442,"2","1"
33.4363636363636,0.124989709095477,0.00789565472794124,0.109514510194349,0.140464907996605,"3","1"
33.4363636363636,0.141021852086229,0.0111307974970234,0.119205889872854,0.162837814299603,"4","1"
33.4363636363636,0.0423954057584982,0.00507981761878672,0.0324391461776442,0.0523516653393522,"5","1"
33.4363636363636,0.0102024282276203,0.00178358961041345,0.00670665682801012,0.0136981996272305,"6","1"
34.5747474747475,0.548040594001476,0.0235840520995276,0.501816701276885,0.594264486726066,"1","1"
34.5747474747475,0.134310475987048,0.0070497499505197,0.120493219984017,0.14812773199008,"2","1"
34.5747474747475,0.124779697823077,0.0078985140222061,0.109298894808168,0.140260500837985,"3","1"
34.5747474747475,0.140555014946953,0.0111221780862333,0.118755946468295,0.162354083425611,"4","1"
34.5747474747475,0.0421732226572069,0.00505859051595993,0.0322585674333895,0.0520878778810242,"5","1"
34.5747474747475,0.0101409945842396,0.00177354869833662,0.0066649030106719,0.0136170861578072,"6","1"
35.7131313131313,0.549095563914492,0.023608370592964,0.502824007818608,0.595367120010375,"1","1"
35.7131313131313,0.13421484227644,0.00705565530882721,0.12038601198381,0.148043672569071,"2","1"
35.7131313131313,0.124569109055759,0.00790247161065514,0.109080549310024,0.140057668801493,"3","1"
35.7131313131313,0.140088558870013,0.0111172362602198,0.11829917619236,0.161877941547667,"4","1"
35.7131313131313,0.0419520049871304,0.00503929604128629,0.032075166238774,0.0518288437354868,"5","1"
35.7131313131313,0.0100799208961656,0.00176397353586593,0.00662259629618662,0.0135372454961446,"6","1"
36.8515151515152,0.550150261565195,0.0236416368648076,0.503813504774597,0.596487018355792,"1","1"
36.8515151515152,0.134118346507001,0.0070618526044234,0.1202773697382,0.147959323275801,"2","1"
36.8515151515152,0.124357945719401,0.00790754345908025,0.108859445333419,0.139856446105384,"3","1"
36.8515151515152,0.139622490502865,0.0111159578536621,0.117835613456022,0.161409367549708,"4","1"
36.8515151515152,0.0417317505336487,0.00502190689931885,0.0318889938772705,0.0515745071900269,"5","1"
36.8515151515152,0.0100192051718896,0.00175485606080068,0.00657975049466843,0.0134586598491107,"6","1"
37.989898989899,0.551204679476612,0.023683797760946,0.504785288848028,0.597624070105197,"1","1"
37.989898989899,0.134020990807201,0.00706835463337297,0.120167270295834,0.147874711318569,"2","1"
37.989898989899,0.124146210746166,0.00791374492975788,0.108635555701004,0.139656865791327,"3","1"
37.989898989899,0.139156816473008,0.0111183244698558,0.11736530094366,0.160948332002355,"4","1"
37.989898989899,0.041512457067467,0.00500639386926481,0.0317001053912858,0.0513248087436481,"5","1"
37.989898989899,0.00995884542954595,0.00174618802135449,0.00653637979745589,0.013381311061636,"6","1"
39.1282828282828,0.552258810180254,0.0237347897078718,0.505739477172193,0.598778143188315,"1","1"
39.1282828282828,0.133922777315729,0.0070751742826608,0.12005569053737,0.147789864094088,"2","1"
39.1282828282828,0.123933907074605,0.00792109075839783,0.108408854469872,0.139458959679337,"3","1"
39.1282828282828,0.138691543387696,0.0111243135447271,0.1168882894873,0.160494797288092,"4","1"
39.1282828282828,0.0412941223448334,0.00499272587964378,0.0315085594360505,0.0510796852536163,"5","1"
39.1282828282828,0.00989883969688254,0.00173796098658489,0.00649249875664046,0.0133051806371246,"6","1"
40.2666666666667,0.553312646216316,0.0237945390441442,0.506676206661062,0.599949085771571,"1","1"
40.2666666666667,0.133823708181271,0.00708232452061969,0.119942607194031,0.14770480916851,"2","1"
40.2666666666667,0.123721037649775,0.00792959503223888,0.108179316974599,0.139262758324951,"3","1"
40.2666666666667,0.138226677833652,0.0111338984310212,0.116404637901323,0.16004871776598,"4","1"
40.2666666666667,0.0410767441077562,0.00498087009295341,0.0313144181138949,0.0508390701016176,"5","1"
40.2666666666667,0.00983918601122968,0.00173016635753288,0.00644812226320238,0.013230249759257,"6","1"
41.4050505050505,0.554366180133888,0.0238629624020623,0.507595633261412,0.601136727006363,"1","1"
41.4050505050505,0.133723785562299,0.00708981838711957,0.119827996866615,0.147619574257983,"2","1"
41.4050505050505,0.123507605423349,0.00793927116939175,0.107946919867844,0.139068290978854,"3","1"
41.4050505050505,0.137762226376775,0.0111470485017654,0.115914412779394,0.159610039974157,"4","1"
41.4050505050505,0.0408603200842201,0.00497079199950454,0.0311177467905514,0.0506028933778889,"5","1"
41.4050505050505,0.00977988241946892,0.0017227953790061,0.00640326552388494,0.0131564993150529,"6","1"
42.5434343434343,0.555419404491151,0.0239399671347935,0.508497931115884,0.602340877866419,"1","1"
42.5434343434343,0.133623011626863,0.00709766898352394,0.119711836044969,0.147534187208757,"2","1"
42.5434343434343,0.123293613353722,0.00795013189952671,0.107711641158307,0.138875585549138,"3","1"
42.5434343434343,0.137298195561858,0.0111637292718968,0.115417688255785,0.159178702867932,"4","1"
42.5434343434343,0.0406448479884017,0.00496245551948233,0.0309186138953343,0.050371082081469,"5","1"
42.5434343434343,0.00972092697800286,0.00171583915193491,0.00635794403694669,0.013083909919059,"6","1"
43.6818181818182,0.556472311855584,0.0240254517837664,0.509383291647098,0.60356133206407,"1","1"
43.6818181818182,0.133521388552378,0.00710588946242245,0.119594101127907,0.147448675976848,"2","1"
43.6818181818182,0.12307906440613,0.00796218924599409,0.10747346024589,0.138684668566371,"3","1"
43.6818181818182,0.1368345919123,0.0111839025367496,0.114914545733665,0.158754638090935,"4","1"
43.6818181818182,0.0404303255208842,0.00495582311220386,0.0307170907072134,0.0501435603345549,"5","1"
43.6818181818182,0.00966231775272397,0.00170928864622668,0.00631217356693646,0.0130124619385115,"6","1"
44.820202020202,0.557524894804156,0.0241193065808062,0.510251922573696,0.604797867034616,"1","1"
44.820202020202,0.133418918525416,0.00711449301714982,0.11947476844354,0.147363068607291,"2","1"
44.820202020202,0.122863961552754,0.00797545450945841,0.107232357953878,0.13849556515163,"3","1"
44.820202020202,0.13637142192982,0.0112075265259386,0.114405073583203,0.158337770276436,"4","1"
44.820202020202,0.0402167503688723,0.004950855891477,0.0305132511289295,0.0499202496088152,"5","1"
44.820202020202,0.00960405281898324,0.00170313471404067,0.00626597011864361,0.0129421355193229,"6","1"
45.9585858585859,0.558577145923526,0.0242214139792775,0.511104046869507,0.606050244977545,"1","1"
45.9585858585859,0.133315603741504,0.00712349287110059,0.119353814270019,0.147277393212989,"2","1"
45.9585858585859,0.122648307772834,0.00798993825312336,0.106988316558013,0.138308298987655,"3","1"
45.9585858585859,0.135908692094172,0.0112345560710331,0.113889366812652,0.157928017375693,"4","1"
45.9585858585859,0.0400041202064048,0.00494751374591961,0.0303071714513855,0.0497010689614241,"5","1"
45.9585858585859,0.00954613026155937,0.00169736810340414,0.00621934991038019,0.0128729106127386,"6","1"
47.0969696969697,0.559629057810239,0.0243316492083964,0.51193990167732,0.607318213943158,"1","1"
47.0969696969697,0.133211446404918,0.00713290226685307,0.119231214856642,0.147191677953194,"2","1"
47.0969696969697,0.122432106052782,0.00800565028961147,0.106741319812321,0.138122892293243,"3","1"
47.0969696969697,0.135446408862866,0.0112649427853125,0.113367526715749,0.157525291009983,"4","1"
47.0969696969697,0.0397924326945678,0.00494575546307633,0.0300989301105959,0.0494859352785396,"5","1"
47.0969696969697,0.00948854817462741,0.00169197947208913,0.00617232934675163,0.0128047670025032,"6","1"
48.2353535353535,0.560680623070914,0.0244498808448702,0.512759737188673,0.608601508953155,"1","1"
48.2353535353535,0.133106448728484,0.00714273445511528,0.119106946445325,0.147105951011643,"2","1"
48.2353535353535,0.122215359386288,0.0080225996695554,0.106491352971577,0.137939365801,"3","1"
48.2353535353535,0.13498457867088,0.0112986352538191,0.11283966049894,0.15712949684282,"4","1"
48.2353535353535,0.039581685481706,0.00494553885616425,0.0298886074394807,0.0492747635239313,"5","1"
48.2353535353535,0.0094313046617277,0.00168695940166883,0.00612492499107555,0.0127376843323799,"6","1"
49.3737373737374,0.561731834322438,0.0245759713961381,0.513563815500921,0.609899853143956,"1","1"
49.3737373737374,0.133000612933375,0.00715300268350744,0.118980985292382,0.147020240574368,"2","1"
49.3737373737374,0.121998070774437,0.00804079467194864,0.106238402810336,0.137757738738538,"3","1"
49.3737373737374,0.134523207930381,0.0113355792318789,0.112305880891998,0.156740534968764,"4","1"
49.3737373737374,0.0393718762036345,0.00494682089229934,0.0296762854167575,0.0490674669905115,"5","1"
49.3737373737374,0.00937439783573391,0.00168229841167401,0.00607715353760391,0.0126716421338639,"6","1"
50.5121212121212,0.562782684192154,0.0247097778896695,0.514352409462418,0.61121295892189,"1","1"
50.5121212121212,0.132893941248919,0.00716372018519679,0.11885330769061,0.146934574807227,"2","1"
50.5121212121212,0.121780243225813,0.00806024279629281,0.10598245763843,0.137578028813195,"3","1"
50.5121212121212,0.134062303030444,0.0113757178502479,0.111766305745669,0.15635830031522,"4","1"
50.5121212121212,0.0391630024838484,0.00494955782108716,0.029462047415119,0.0488639575525777,"5","1"
50.5121212121212,0.00931782581882235,0.0016779869737705,0.00602903178370481,0.0126066198539399,"6","1"
51.6505050505051,0.563833165318045,0.0248511524630591,0.515125801516135,0.612540529119954,"1","1"
51.6505050505051,0.132786435912398,0.00717490016740238,0.118723889991619,0.146848981833177,"2","1"
51.6505050505051,0.121561879756611,0.00808095075656764,0.105723507312897,0.137400252200326,"3","1"
51.6505050505051,0.133601870336774,0.0114189918250573,0.111221057619904,0.155982683053643,"4","1"
51.6505050505051,0.0389550619337326,0.00495370530251573,0.0292459779507767,0.0486641459166886,"5","1"
51.6505050505051,0.0092615867424396,0.00167401552588184,0.00598057660215031,0.0125425968827289,"6","1"
52.7888888888889,0.56488327034892,0.0249999429499919,0.51588428255138,0.61388225814646,"1","1"
52.7888888888889,0.132678099168863,0.00718655579978717,0.118592708628393,0.146763489709334,"2","1"
52.7888888888889,0.12134298339075,0.00810292447704065,0.105461543246303,0.137224423535198,"3","1"
52.7888888888889,0.133141916191424,0.0114653396707711,0.110670263366194,0.155613569016654,"4","1"
52.7888888888889,0.0387480521527704,0.0049592185331517,0.0290281624363295,0.0484679418692113,"5","1"
52.7888888888889,0.00920567874727163,0.00167037448618374,0.00593180491365689,0.0124795525808864,"6","1"
53.9272727272727,0.565932991944599,0.0251559934575516,0.516628150772472,0.615237833116725,"1","1"
53.9272727272727,0.132568933270939,0.00719870020275725,0.118459740138033,0.146678126403844,"2","1"
53.9272727272727,0.121123557159978,0.00812616908992173,0.105196558411449,0.137050555908507,"3","1"
53.9272727272727,0.132682446912522,0.011514697914438,0.110114053707365,0.155250840117679,"4","1"
53.9272727272727,0.0385419707287511,0.00496605236972095,0.0288086869387582,0.0482752545187439,"5","1"
53.9272727272727,0.0091500999832117,0.00166705426690087,0.00588273365981217,0.0124174663066112,"6","1"
55.0656565656566,0.566982322776086,0.0253191449307802,0.517357710592407,0.616606934959765,"1","1"
55.0656565656566,0.132458940478635,0.0072113464356888,0.118324961184644,0.146592919772626,"2","1"
55.0656565656566,0.120903604103981,0.00815068893485848,0.104928547342469,0.136878660865493,"3","1"
55.0656565656566,0.132223468793992,0.0115670013096044,0.10955256281804,0.154894374769945,"4","1"
55.0656565656566,0.0383368152379765,0.00497416144923949,0.0285876379441795,0.0480859925317734,"5","1"
55.0656565656566,0.00909484860932885,0.00166404528784073,0.00583337977651744,0.0123563174421403,"6","1"
56.2040404040404,0.568031255525756,0.0254892357008572,0.518073271558623,0.617989239492889,"1","1"
56.2040404040404,0.132348123059166,0.0072245074851038,0.118188348582322,0.146507897536009,"2","1"
56.2040404040404,0.120683127270493,0.00817648756025586,0.104657506132352,0.136708748408634,"3","1"
56.2040404040404,0.131764988105282,0.0116221830483633,0.108985927908758,0.154544048301806,"4","1"
56.2040404040404,0.0381325832454678,0.00498350030495447,0.0283651021308126,0.0479000643601229,"5","1"
56.2040404040404,0.00903992279383581,0.00166133798960385,0.00578376016806409,0.0122960854196075,"6","1"
57.3424242424243,0.569079782887523,0.0256661020137491,0.518775147317043,0.619384418458002,"1","1"
57.3424242424243,0.132236483286763,0.00723819625281731,0.118049879318208,0.146423087255318,"2","1"
57.3424242424243,0.120462129715402,0.00820356772639506,0.104383432426932,0.136540827003871,"3","1"
57.3424242424243,0.131307011091085,0.01168017497013,0.108414288816504,0.154199733365666,"4","1"
57.3424242424243,0.0379292723051698,0.00499402347745396,0.0281411661514126,0.047717378458927,"5","1"
57.3424242424243,0.00898532071405744,0.00165892284641484,0.00573389168195369,0.0122367497461612,"6","1"
58.4808080808081,0.570127897567016,0.0258495785366613,0.519463654619621,0.620792140514412,"1","1"
58.4808080808081,0.132124023442497,0.00725242554407916,0.117909530575543,0.14633851630945,"2","1"
58.4808080808081,0.120240614502857,0.00823193141031673,0.104106325415432,0.136374903590282,"3","1"
58.4808080808081,0.130849543971076,0.0117409077658684,0.107837787604167,0.153861300337984,"4","1"
58.4808080808081,0.0377268799601557,0.00500568562040166,0.0279159164262384,0.047537843494073,"5","1"
58.4808080808081,0.0089310405563986,0.00165679037852397,0.00568379108455913,0.0121782900282381,"6","1"
59.6191919191919,0.571175592281756,0.0260394988401019,0.520139112379684,0.622212072183828,"1","1"
59.6191919191919,0.132010745814097,0.00726720805573492,0.117767279756698,0.146254211871497,"2","1"
59.6191919191919,0.120018584705375,0.00826157981242229,0.103826185817624,0.136210983593126,"3","1"
59.6191919191919,0.13039259293963,0.011804311176629,0.107256568171133,0.153528617708126,"4","1"
59.6191919191919,0.0375254037428298,0.00501844160045396,0.0276894389474225,0.0473613685382371,"5","1"
59.6191919191919,0.00887708051631264,0.00165493116413476,0.00563347503771557,0.0121206859949097,"6","1"
60.7575757575758,0.572222859761316,0.0262356958538263,0.52080184077847,0.623643878744163,"1","1"
60.7575757575758,0.13189665269578,0.00728255636443015,0.117623104506114,0.146170200885446,"2","1"
60.7575757575758,0.119796043403944,0.0082925133647401,0.103543015867736,0.136049070940152,"3","1"
60.7575757575758,0.129936164165561,0.0118703141854014,0.106670775877,0.153201552454123,"4","1"
60.7575757575758,0.0373248411751302,0.00503224659101189,0.0274618190954224,0.0471878632548379,"5","1"
60.7575757575758,0.0088234387982683,0.00165333585081833,0.00558296007631549,0.0120639175202211,"6","1"
61.8959595959596,0.573269692747496,0.0264380022953745,0.521452160425375,0.625087225069617,"1","1"
61.8959595959596,0.131781746388072,0.00729848291488336,0.11747698273312,0.146086510043025,"2","1"
61.8959595959596,0.11957299368813,0.00832473174079476,0.103256819295215,0.135889168081045,"3","1"
61.8959595959596,0.129480263791853,0.0119388452014283,0.106080557180054,0.152879970403651,"4","1"
61.8959595959596,0.03712518976873,0.00504705615955562,0.0272331414680499,0.04701723806941,"5","1"
61.8959595959596,0.008770113615719,0.00165199516638142,0.00553226258697716,0.0120079646444608,"6","1"
63.0343434343434,0.574316083994484,0.0266462510703249,0.522090391573635,0.626541776415333,"1","1"
63.0343434343434,0.131666029197643,0.0073150000082546,0.117328892634554,0.146003165760732,"2","1"
63.0343434343434,0.119349438656179,0.00835823386700854,0.10296760130248,0.135731276009879,"3","1"
63.0343434343434,0.129024897935386,0.0120098322362702,0.105486059291928,0.152563736578844,"4","1"
63.0343434343434,0.0369264470252378,0.00506282634839595,0.0270034897224013,0.0468494043280742,"5","1"
63.0343434343434,0.00871710319106955,0.00165089992916033,0.00548139878783559,0.0119528075943035,"6","1"
64.1727272727273,0.575362026269021,0.0268602756437634,0.522716853392426,0.628007199145616,"1","1"
64.1727272727273,0.131549503437136,0.00733211979063446,0.117178812717159,0.145920194157113,"2","1"
64.1727272727273,0.11912538141512,0.00839301793555866,0.102675368539826,0.135575394290414,"3","1"
64.1727272727273,0.128570072686681,0.0120832030710488,0.104887429849542,0.152252715523821,"4","1"
64.1727272727273,0.036728610436397,0.00507951374875871,0.0267729464298538,0.0466842744429401,"5","1"
64.1727272727273,0.00866440575564498,0.00165004105771859,0.00543038470950416,0.0118984268017858,"6","1"
65.3111111111111,0.576407512350559,0.0270799103828173,0.523331863295665,0.629483161405453,"1","1"
65.3111111111111,0.131432171425003,0.00734985424168118,0.117026721819689,0.145837621030317,"2","1"
65.3111111111111,0.118900825080865,0.00842908141860792,0.102380129077638,0.135421521084093,"3","1"
65.3111111111111,0.128115794109631,0.0121588854144275,0.104284816605203,0.151946771614058,"4","1"
65.3111111111111,0.0365316774842843,0.00509707556819452,0.026541592944144,0.0465217620244246,"5","1"
65.3111111111111,0.0086120195496574,0.0016494095799319,0.00537923617723554,0.0118448029220793,"6","1"
66.449494949495,0.577452535031423,0.027304990870406,0.523935736327232,0.630969333735613,"1","1"
66.449494949495,0.131314035485346,0.00736821516343164,0.116872599134678,0.145755471836014,"2","1"
66.449494949495,0.118675772778314,0.00846642108381939,0.102081892376077,0.13526965318055,"3","1"
66.449494949495,0.127662068241236,0.012236807051019,0.103678367135473,0.151645769346999,"4","1"
66.449494949495,0.0363356456415073,0.00511546969137074,0.0263095092824145,0.0463617820006002,"5","1"
66.449494949495,0.00855994282217443,0.00164899664144849,0.00532796879430789,0.011791916850041,"6","1"
67.5878787878788,0.578497087116963,0.0275353541906312,0.524528784601772,0.632465389632154,"1","1"
67.5878787878788,0.131195097947751,0.00738721416931351,0.116716424229813,0.14567377166569,"2","1"
67.5878787878788,0.118450227641448,0.00850503301106312,0.10178066925244,0.135119786030456,"3","1"
67.5878787878788,0.12720890109135,0.0123168959800179,0.103068228569189,0.151349573613512,"4","1"
67.5878787878788,0.0361405123714007,0.00513465473436418,0.0260767740189989,0.0462042507238026,"5","1"
67.5878787878788,0.00850817383108682,0.0016487935135184,0.00527659792664749,0.0117397497355261,"6","1"
68.7262626262626,0.579541161425713,0.0277708391864627,0.525111316799793,0.633971006051634,"1","1"
68.7262626262626,0.131075361147139,0.00740686267338454,0.116558177068872,0.145592545225407,"2","1"
68.7262626262626,0.118224192813432,0.00854491261021804,0.101476471846363,0.134971913780502,"3","1"
68.7262626262626,0.126756298642418,0.012399080543972,0.102454547334821,0.151058049950014,"4","1"
68.7262626262626,0.0359462751282219,0.00515459009262237,0.0258434641916151,0.0460490860648287,"5","1"
68.7262626262626,0.00845671084307553,0.00164879160018969,0.00522513868869157,0.0116882829974595,"6","1"
69.8646464646465,0.580584750789539,0.0280112866905686,0.525683637715398,0.635485863863679,"1","1"
69.8646464646465,0.130954827423607,0.00742717187982542,0.116397838032161,0.145511816815054,"2","1"
69.8646464646465,0.117997671446712,0.00858605463997061,0.101169313583077,0.134826029310348,"3","1"
69.8646464646465,0.126304266849216,0.012483289547697,0.101837468927145,0.150771064771288,"4","1"
69.8646464646465,0.0357529313573451,0.00517523598280611,0.0256096552195493,0.0458962074951408,"5","1"
69.8646464646465,0.00840555213358052,0.00164898244487355,0.00517360593048955,0.0116374983366715,"6","1"
71.0030303030303,0.581627848053787,0.0282565397303018,0.526246047854671,0.637009648252904,"1","1"
71.0030303030303,0.130833499122279,0.00744815277271161,0.116235387936412,0.145431610308146,"2","1"
71.0030303030303,0.117770666703108,0.00862845322750815,0.100859209134904,0.134682124271313,"3","1"
71.0030303030303,0.125852811638603,0.0125694523674298,0.101217137693049,0.150488485584157,"4","1"
71.0030303030303,0.0355604784954551,0.00519655347876032,0.0253754208333485,0.0457455361575617,"5","1"
71.0030303030303,0.00835469598676708,0.00164935773628468,0.0051220142260266,0.0115873777475076,"6","1"
72.1414141414141,0.582670446077438,0.0285064437079791,0.52679884308248,0.638542049072395,"1","1"
72.1414141414141,0.130711378593158,0.00746981610608999,0.116070808054085,0.145351949132232,"2","1"
72.1414141414141,0.117543181753911,0.00867210188900513,0.100546174381199,0.134540189126623,"3","1"
72.1414141414141,0.125401938909259,0.0126574990503883,0.100593696636149,0.15021018118237,"4","1"
72.1414141414141,0.0353689139707393,0.0052185045418899,0.0251408330154764,0.0455969949260022,"5","1"
72.1414141414141,0.00830414069549446,0.00164990931376637,0.00507037786275518,0.0115379035282337,"6","1"
73.279797979798,0.583712537733242,0.0287608465576926,0.527342314315282,0.640082761151203,"1","1"
73.279797979798,0.130588468190981,0.00749217239438413,0.115904080132023,0.145272856249939,"2","1"
73.279797979798,0.117315219779973,0.00871699355080072,0.100230226366936,0.134400213193011,"3","1"
73.279797979798,0.124951654531442,0.0127473604049728,0.099967287239743,0.14993602182314,"4","1"
73.279797979798,0.0351782352030791,0.00524105204623842,0.0249059619513518,0.0454505084548063,"5","1"
73.279797979798,0.00825388456128284,0.00165062917201334,0.00501871083230553,0.0114890582902602,"6","1"
74.4181818181818,0.584754115907871,0.0290195988799556,0.52787674725736,0.641631484558383,"1","1"
74.4181818181818,0.130464770275075,0.0075152319031516,0.115735186409432,0.145194354140719,"2","1"
74.4181818181818,0.117086783971805,0.00876312057116432,0.0999113832601404,0.134262184683469,"3","1"
74.4181818181818,0.124501964346727,0.0128389680819007,0.0993380493075429,0.149665879385912,"4","1"
74.4181818181818,0.0349884396042399,0.00526415979858347,0.0246708759901526,0.0453060032183271,"5","1"
74.4181818181818,0.00820392589428121,0.00165150946520776,0.00496702682234699,0.0114408249662154,"6","1"
75.5565656565657,0.585795173502054,0.029282554055537,0.528402422177854,0.643187924826254,"1","1"
75.5565656565657,0.130340287209222,0.00753900464021719,0.115564109635116,0.145116464783329,"2","1"
75.5565656565657,0.116857877529658,0.00881047476254915,0.0995896643083625,0.134126090750953,"3","1"
75.5565656565657,0.124052874167771,0.0129322546466074,0.0987061208215192,0.149399627514022,"4","1"
75.5565656565657,0.0347995245780603,0.00528779255387194,0.0244356416147522,0.0451634075413683,"5","1"
75.5565656565657,0.00815426301323463,0.00165254251058666,0.00491533920956338,0.0113931868169059,"6","1"
76.6949494949495,0.586835703430715,0.0295495683398609,0.528919613725883,0.644751793135547,"1","1"
76.6949494949495,0.130215021361519,0.00756350034720208,0.115390833083947,0.145039209639091,"2","1"
76.6949494949495,0.116628503663621,0.00885904741423531,0.0992650897943872,0.133991917532855,"3","1"
76.6949494949495,0.123604389778053,0.0130271536432885,0.0980716378161374,0.149137141739968,"4","1"
76.6949494949495,0.0346114875206402,0.00531191602632431,0.0242003234201434,0.0450226516211369,"5","1"
76.6949494949495,0.00810489424545202,0.00165372079146076,0.00486366105370386,0.0113461274372002,"6","1"
77.8333333333333,0.587875698623112,0.0298205009393473,0.529428590781048,0.646322806465175,"1","1"
77.8333333333333,0.130088975104245,0.00758872849147023,0.11521534057251,0.14496260963598,"2","1"
77.8333333333333,0.116398665593703,0.00890882931526515,0.0989376809913685,0.133859650196037,"3","1"
77.8333333333333,0.12315651693164,0.0131235996509813,0.0974347342681939,0.148878299595085,"4","1"
77.8333333333333,0.0344243258205276,0.00533649689653691,0.0239649840997055,0.0448836675413497,"5","1"
77.8333333333333,0.00805581792677335,0.00165503695970679,0.00481200509266536,0.0112996307608813,"6","1"
78.9717171717172,0.588915152022967,0.0300952140710685,0.52992961633665,0.647900687709285,"1","1"
78.9717171717172,0.129962150813733,0.00761469825851067,0.115037616473912,0.144886685153554,"2","1"
78.9717171717172,0.116168366549919,0.00895981077757806,0.0986074601175718,0.133729272982265,"3","1"
78.9717171717172,0.122709261352939,0.0132215283321089,0.0967955420014302,0.148622980704449,"4","1"
78.9717171717172,0.0342380368589044,0.00536150281490844,0.0237296844386737,0.044746389279135,"5","1"
78.9717171717172,0.00800703240153744,0.0016564838377563,0.0047603837385624,0.0112536810645125,"6","1"
80.110101010101,0.589954056588603,0.0303735730070589,0.530422947412969,0.649485165764236,"1","1"
80.110101010101,0.129834550870241,0.00764141854477273,0.11485764573169,0.144811456008792,"2","1"
80.110101010101,0.115937609772375,0.00901198165925526,0.0982744502908989,0.133600769253851,"3","1"
80.110101010101,0.122262628736461,0.0133208764739187,0.0961541906050734,0.148371066867849,"4","1"
80.110101010101,0.0340526180097713,0.00538690240171015,0.0234944833141871,0.0446107527053555,"5","1"
80.110101010101,0.00795853602254903,0.00165805442010548,0.00470880907473485,0.0112082629703632,"6","1"
81.2484848484849,0.590992405293066,0.0306554461045922,0.530908834998057,0.651075975588076,"1","1"
81.2484848484849,0.12970617765783,0.00766889795097165,0.114675413872812,0.144736941442847,"2","1"
81.2484848484849,0.11570639851135,0.00906533138778808,0.0979386754833653,0.133474121539336,"3","1"
81.2484848484849,0.121816624746576,0.0134215820232593,0.0955108073654376,0.148122442127714,"4","1"
81.2484848484849,0.033868066640131,0.00541266524411104,0.0232594377013016,0.0444766955789603,"5","1"
81.2484848484849,0.00791032715104678,0.0016597418743711,0.00465729285364642,0.0111633614484471,"6","1"
82.3868686868687,0.592030191124259,0.0309407048236813,0.531387524013559,0.652672858234959,"1","1"
82.3868686868687,0.129577033564239,0.0076971447758763,0.114490907019731,0.144663160108747,"2","1"
82.3868686868687,0.115474736027378,0.00911984898328899,0.0976001604756877,0.133349311579069,"3","1"
82.3868686868687,0.121371255017283,0.0135235841151377,0.0948655172097148,0.14787699282485,"4","1"
82.3868686868687,0.0336843801101711,0.00543876189045721,0.023024602684386,0.0443441575359562,"5","1"
82.3868686868687,0.00786240415667017,0.00166153954191833,0.00460584649562106,0.0111189618177193,"6","1"
83.5252525252525,0.59306740708506,0.0312292237330157,0.531859253303206,0.654275560866915,"1","1"
83.5252525252525,0.129447120980773,0.00772616701059467,0.114304111901466,0.14459013006008,"2","1"
83.5252525252525,0.115242625591324,0.00917552308156785,0.0972589308121347,0.133226320370513,"3","1"
83.5252525252525,0.120926525151971,0.0136268230954991,0.094218442661094,0.147634607642848,"4","1"
83.5252525252525,0.033501555773445,0.0054651638420921,0.022790031473334,0.0442130800735561,"5","1"
83.5252525252525,0.00781476541742721,0.00166344093808617,0.0045544810883688,0.0110750497464856,"6","1"
84.6636363636364,0.594104046193452,0.0315208805054864,0.532324255641708,0.655883836745196,"1","1"
84.6636363636364,0.129316442302182,0.00775597233336542,0.114115015863697,0.144517868740668,"2","1"
84.6636363636364,0.115010070484461,0.00923234195700258,0.0969150127557775,0.133105128213144,"3","1"
84.6636363636364,0.120482440723191,0.0137312405386618,0.0935697038043571,0.147395177642024,"4","1"
84.6636363636364,0.0333195909770524,0.0054918435429907,0.0225557754240618,0.044083406530043,"5","1"
84.6636363636364,0.00776740931966213,0.00166543975203681,0.00450320738724867,0.0110316112520756,"6","1"
85.8020202020202,0.595140101482635,0.0318155559043879,0.532782757761914,0.657497445203356,"1","1"
85.8020202020202,0.129184999926555,0.00778656810486588,0.11392360687785,0.144446392975261,"2","1"
85.8020202020202,0.114777073998548,0.00929029354513622,0.0965684332442757,0.13298571475282,"3","1"
85.8020202020202,0.120039007272422,0.0138367792598326,0.0929194182611192,0.147158596283724,"4","1"
85.8020202020202,0.0331384830618182,0.00551877436746477,0.0223218840627844,0.043955082060852,"5","1"
85.8020202020202,0.00772033425802232,0.00166752984625463,0.00445203581621763,0.010988632699827,"6","1"
86.940404040404,0.59617556600115,0.0321131337613264,0.533234980398233,0.659116151604067,"1","1"
86.940404040404,0.129052796255208,0.00781796136404316,0.113729873549157,0.144375718961258,"2","1"
86.940404040404,0.114543639435901,0.00934936546493935,0.096219219846317,0.132868059025484,"3","1"
86.940404040404,0.119596230309846,0.0139433833231129,0.0922677011739084,0.146924759445784,"4","1"
86.940404040404,0.0329582293624701,0.00554593060618179,0.0220884051135954,0.0438280536113448,"5","1"
86.940404040404,0.00767353863542586,0.00166970525572045,0.00440097646941653,0.0109461008014352,"6","1"
88.0787878787879,0.597210432812992,0.0324135009467925,0.533681138344424,0.660739727281561,"1","1"
88.0787878787879,0.128919833692577,0.00785015882447344,0.11353380512369,0.144305862261464,"2","1"
88.0787878787879,0.114309770109464,0.00940954504068187,0.09586740071882,0.132752139500108,"3","1"
88.0787878787879,0.119154115314121,0.0140509980453905,0.0916146651983132,0.146693565429929,"4","1"
88.0787878787879,0.0327788272078159,0.00557328745072319,0.0218553845289094,0.0437022698867224,"5","1"
88.0787878787879,0.00762702086302935,0.00167196018678614,0.00435003911334366,0.010904002612715,"6","1"
89.2171717171717,0.598244694997726,0.0327165473342994,0.534121440523999,0.662367949471453,"1","1"
89.2171717171717,0.128786114646123,0.00788316687125313,0.113335391494347,0.144236837797898,"2","1"
89.2171717171717,0.114075469342879,0.00947081932336217,0.0955130045650036,0.132637934120755,"3","1"
89.2171717171717,0.118712667732158,0.0141595699964982,0.090960420502448,0.146464914961869,"4","1"
89.2171717171717,0.0326002739209184,0.00560082097689272,0.0216228665223522,0.0435776813194846,"5","1"
89.2171717171717,0.00758077936019519,0.00167428901577418,0.00429923318956678,0.0108623255308236,"6","1"
90.3555555555556,0.599278345650593,0.0330221657589147,0.534556090071609,0.664000601229578,"1","1"
90.3555555555556,0.128651641526225,0.00791699155842279,0.113134623205808,0.144168659846641,"2","1"
90.3555555555556,0.113840740470554,0.00953317511164848,0.0951560605934092,0.132525420347698,"3","1"
90.3555555555556,0.1182718929789,0.0142690469959982,0.0903050747730337,0.146238711184765,"4","1"
90.3555555555556,0.0324225668192702,0.00562850812696905,0.0213908936037199,0.0434542400348205,"5","1"
90.3555555555556,0.00753481255445865,0.00167668628732593,0.00424856781792765,0.0108210572909896,"6","1"
91.4939393939394,0.600311377882625,0.0333302519709564,0.534985284423905,0.665637471341344,"1","1"
91.4939393939394,0.128516416746089,0.00795163860692337,0.112931491458441,0.144101342033737,"2","1"
91.4939393939394,0.113605586837724,0.00959659897229179,0.0947965984779576,0.13241457519749,"3","1"
91.4939393939394,0.1178317964371,0.0143793781069348,0.0896487332274243,0.146014859646776,"4","1"
91.4939393939394,0.0322457032149665,0.00565632669108198,0.0211595066156532,0.0433318998142797,"5","1"
91.4939393939394,0.00748911888149595,0.00167914671252157,0.00419805180019485,0.010780185962797,"6","1"
92.6323232323232,0.601343784820746,0.0336407045855617,0.535409215418494,0.667278354222999,"1","1"
92.6323232323232,0.128380442721655,0.00798711340308272,0.112725988111175,0.144034897332134,"2","1"
92.6323232323232,0.113370011800518,0.00966107725997429,0.0944346483191095,0.132305375281927,"3","1"
92.6323232323232,0.117392383457112,0.0144905136268788,0.0889914986309431,0.145793268283282,"4","1"
92.6323232323232,0.0320696804148774,0.00568425528787616,0.0209287447717088,0.043210616058046,"5","1"
92.6323232323232,0.00744369678509105,0.00168166516679396,0.00414769362411935,0.0107396999460627,"6","1"
93.7707070707071,0.602375559607884,0.033953425028775,0.535828069399704,0.668923049816064,"1","1"
93.7707070707071,0.128243721871505,0.00802342099762747,0.112518105683353,0.143969338059657,"2","1"
93.7707070707071,0.113134018726019,0.00972659613656301,0.0940702406061894,0.132197796845849,"3","1"
93.7707070707071,0.116953659356669,0.0146024050765644,0.0883334713189383,0.1455738473944,"4","1"
93.7707070707071,0.0318944957208185,0.00571227334461228,0.0206986456955303,0.0430903457461068,"5","1"
93.7707070707071,0.00739854471710399,0.00168423668765762,0.00409750146785403,0.010699587966354,"6","1"
94.9090909090909,0.603406695403064,0.0342683174807475,0.536242027330014,0.670571363476113,"1","1"
94.9090909090909,0.12810625661678,0.00806056610521434,0.112307837355556,0.143904675878004,"2","1"
94.9090909090909,0.112897610992322,0.00979314158974289,0.0937034061809248,0.13209181580372,"3","1"
94.9090909090909,0.116515629420676,0.0147150051864035,0.0876747492230045,0.145356509618346,"4","1"
94.9090909090909,0.0317201464297209,0.00574036107684108,0.0204692454608568,0.0429710473985849,"5","1"
94.9090909090909,0.00735366113743741,0.00168685647227287,0.00404748320469429,0.0106598390701805,"6","1"
96.0474747474748,0.604437185381516,0.0345852888165878,0.536651264906088,0.672223105856944,"1","1"
96.0474747474748,0.127968049381096,0.00809855310447315,0.112095176969443,0.143840921792748,"2","1"
96.0474747474748,0.112660791988589,0.00986069945100763,0.0933341762022401,0.131987407774938,"3","1"
96.0474747474748,0.116078298900996,0.0148282678811398,0.0870154279008501,0.145141169901142,"4","1"
96.0474747474748,0.0315466298337984,0.00576849946777361,0.0202405786321237,0.0428526810354732,"5","1"
96.0474747474748,0.00730904451400483,0.0016895198748647,0.0039976464081054,0.0106204426199043,"6","1"
97.1858585858586,0.605467022734768,0.0349042485453497,0.537055952678448,0.673878092791088,"1","1"
97.1858585858586,0.127829102590463,0.00813738603855221,0.111880119026601,0.143778086154324,"2","1"
97.1858585858586,0.112423565115104,0.00992925541299117,0.0929625821123423,0.131884548117866,"3","1"
97.1858585858586,0.115641673016251,0.0149421482628872,0.0863556005693339,0.144927745463167,"4","1"
97.1858585858586,0.0313739432207164,0.00579667024745759,0.0200126783054447,0.0427352081359882,"5","1"
97.1858585858586,0.00726469332269786,0.00169222240401415,0.00394799835699834,0.0105813882883974,"6","1"
98.3242424242424,0.606496200670745,0.0352251087475971,0.537456256173948,0.675536145167542,"1","1"
98.3242424242424,0.12768941867321,0.00817706861615389,0.111662658686436,0.143716178659984,"2","1"
98.3242424242424,0.112185933783327,0.00999879504612804,0.0925886556041183,0.131783211962535,"3","1"
98.3242424242424,0.115205756951608,0.0150566025927796,0.0856953581402276,0.144716155762988,"4","1"
98.3242424242424,0.0312020838737565,0.0058248558718591,0.019785576149776,0.042618591597737,"5","1"
98.3242424242424,0.00722060604735375,0.00169495971983979,0.00389854604122165,0.0105426660534858,"6","1"
99.4626262626263,0.607524712413861,0.0355477840119413,0.537852336020247,0.677197088807474,"1","1"
99.4626262626263,0.127549000059912,0.00821760421304913,0.111442791763131,0.143655208356693,"2","1"
99.4626262626263,0.111947901415938,0.0100693038146318,0.0922124285898675,0.131683374242008,"3","1"
99.4626262626263,0.114770555858585,0.0151715882714374,0.0850347892582975,0.144506322458873,"4","1"
99.4626262626263,0.0310310490719817,0.0058530395019372,0.0195593024480945,0.0425027956958688,"5","1"
99.4626262626263,0.00717678117972287,0.00169772763108507,0.00384929616723763,0.0105042661922081,"6","1"
100.60101010101,0.608552551205108,0.0358721913709036,0.538244348071609,0.678860754338608,"1","1"
100.60101010101,0.127407849183319,0.00825899587405567,0.111220514721705,0.143595183644933,"2","1"
100.60101010101,0.111709471446889,0.0101407670917878,0.0918339331713759,0.131585009722402,"3","1"
100.60101010101,0.114336074854847,0.0152870638184449,0.0843739803413298,0.144298169368365,"4","1"
100.60101010101,0.0308608360904001,0.00588120498278951,0.0193338861384351,0.042387786042365,"5","1"
100.60101010101,0.00713321721943661,0.00170052209212682,0.00380025516395334,0.0104661792749199,"6","1"
101.739393939394,0.609579710302152,0.03619825023642,0.5386324435354,0.680526977068903,"1","1"
101.739393939394,0.127265968478289,0.00830124631546521,0.110995824673182,0.143536112283397,"2","1"
101.739393939394,0.111470647321446,0.0102131701745571,0.0914532016113357,0.131488093031557,"3","1"
101.739393939394,0.113902319024011,0.0154029888510107,0.083713015621758,0.144091622426264,"4","1"
101.739393939394,0.0306914422001268,0.00590933682293748,0.019109354854653,0.0422735295456006,"5","1"
101.739393939394,0.00708991267397463,0.00170333919991905,0.00375142918867802,0.0104283961592712,"6","1"
102.877777777778,0.610606182979412,0.0365258823352627,0.539016769098749,0.682195596860075,"1","1"
102.877777777778,0.127123360381727,0.00834435792790236,0.110768719368927,0.143478001394527,"2","1"
102.877777777778,0.111231432496232,0.0102864982974936,0.0910702663061124,0.131392598686353,"3","1"
102.877777777778,0.11346929341545,0.0155193240619707,0.0830519771895818,0.143886609641318,"4","1"
102.877777777778,0.0305228646685456,0.00593742017381074,0.018885734966795,0.0421599943702962,"5","1"
102.877777777778,0.00704686605863281,0.00170617519088501,0.00370282413318243,0.0103909079840832,"6","1"
104.016161616162,0.61163196252815,0.0368550116446304,0.53939746705487,0.68386645800143,"1","1"
104.016161616162,0.126980027332521,0.00838833277959844,0.110539197194171,0.143420857470871,"2","1"
104.016161616162,0.110991830439266,0.0103607366459773,0.0906851597598463,0.131298501118686,"3","1"
104.016161616162,0.113037003044104,0.015636031197278,0.0823909450362944,0.143683061051914,"4","1"
104.016161616162,0.030355100759468,0.005965440809483,0.0186630516209759,0.0420471498979602,"5","1"
104.016161616162,0.00700407589649055,0.00170902643776976,0.00365444562983503,0.0103537061631461,"6","1"
105.154545454545,0.612657042256553,0.0371855643281184,0.539774675428644,0.685539409084463,"1","1"
105.154545454545,0.126835971771487,0.0084331726200602,0.11030725716076,0.143364686382214,"2","1"
105.154545454545,0.110751844629999,0.0104358703687705,0.0902979145598802,0.131205774700118,"3","1"
105.154545454545,0.112605452890289,0.0157530730331115,0.0817299970995611,0.143480908681017,"4","1"
105.154545454545,0.0301881477332926,0.00599338510670407,0.0184413287786739,0.0419349666879113,"5","1"
105.154545454545,0.00696154071837884,0.00171188944646451,0.0036062990577942,0.0103167823789635,"6","1"
106.292929292929,0.613681415489815,0.0375174686722613,0.540148528101073,0.687214302878557,"1","1"
106.292929292929,0.126691196141315,0.00847887888411562,0.110072898899172,0.143309493383459,"2","1"
106.292929292929,0.110511478559351,0.010511884589907,0.0899085633534913,0.13111439376521,"3","1"
106.292929292929,0.11217464789951,0.0158704133527183,0.0810692093084184,0.143280086490601,"4","1"
106.292929292929,0.0300220028471617,0.0060212400252662,0.0182205892553689,0.0418234164389544,"5","1"
106.292929292929,0.00691925906284763,0.00171476085281298,0.003558389549235,0.0102801285764603,"6","1"
107.431313131313,0.61470507557021,0.0378506550238066,0.540519154932299,0.688890996208121,"1","1"
107.431313131313,0.126545702886519,0.00852545269631466,0.109836122649843,0.143255283123196,"2","1"
107.431313131313,0.110270735729739,0.0105887644199219,0.0895171388259132,0.131024332633565,"3","1"
107.431313131313,0.111744592982279,0.0159880169230973,0.0804086556287916,0.143080530335767,"4","1"
107.431313131313,0.029856663355118,0.0060489930887366,0.0180008547584626,0.0417124719517734,"5","1"
107.431313131313,0.00687722947613401,0.00171763741940932,0.00351072199559341,0.0102437369566746,"6","1"
108.569696969697,0.615728015857176,0.0381850557278647,0.540886681882906,0.690569349831446,"1","1"
108.569696969697,0.126399494453388,0.00857289487566511,0.109596929253837,0.14320205965294,"2","1"
108.569696969697,0.110029619655113,0.0106664949664392,0.089123673679614,0.130935565630611,"3","1"
108.569696969697,0.111315293013934,0.0161058494716182,0.079748408109139,0.142882177918729,"4","1"
108.569696969697,0.0296921265082593,0.00607663236558358,0.0177821459244251,0.0416021070920936,"5","1"
108.569696969697,0.00683545051212964,0.00172051603239628,0.00346330105380918,0.0102075999704501,"6","1"
109.708080808081,0.616750229727384,0.0385206050670518,0.541251231133271,0.692249228321497,"1","1"
109.708080808081,0.126252573289943,0.00862120594068212,0.109355320142903,0.143149826436983,"2","1"
109.708080808081,0.109788133860973,0.0107450613441275,0.0887282006148096,0.130848067107136,"3","1"
109.708080808081,0.110886752834459,0.0162238776626604,0.0790885369260609,0.142684968742858,"4","1"
109.708080808081,0.0295283895548922,0.00610414645071738,0.0175644823551282,0.0414922967546563,"5","1"
109.708080808081,0.00679392073234841,0.00172339369827141,0.00341613115255316,0.0101717103121437,"6","1"
110.846464646465,0.617771710574814,0.0388572392017269,0.541612921200771,0.693930499948856,"1","1"
110.846464646465,0.126104941845895,0.00867038611472889,0.10911129732897,0.14309858636282,"2","1"
110.846464646465,0.109546281884402,0.0108244486840427,0.0883307523111767,0.130761811457628,"3","1"
110.846464646465,0.11045897724831,0.0163420690743438,0.07842911042973,0.142488844066889,"4","1"
110.846464646465,0.0293654497406843,0.00613152444746347,0.017347882653329,0.0413830168280395,"5","1"
110.846464646465,0.00675263870589504,0.00172626754070859,0.00336921649842567,0.0101360609133644,"6","1"
111.984848484848,0.618792451810822,0.039194896111407,0.541971867054676,0.695613036566969,"1","1"
111.984848484848,0.125956602572607,0.0087204353316276,0.108864863393106,0.143048341752108,"2","1"
111.984848484848,0.109304067274083,0.0109046421423714,0.0879313614107375,0.130676773137429,"3","1"
111.984848484848,0.11003197102424,0.0164603921754205,0.077770195189011,0.142293746859469,"4","1"
111.984848484848,0.0292033043088153,0.00615875594998196,0.0171323644572789,0.0412742441603517,"5","1"
111.984848484848,0.00671160300943197,0.00172913479740125,0.00332256108211055,0.0101006449367534,"6","1"
113.123232323232,0.619812446864215,0.039533515537432,0.542328180228594,0.697296713499837,"1","1"
113.123232323232,0.125807557923062,0.00877135324151692,0.10861602147401,0.142999094372113,"2","1"
113.123232323232,0.109061493590316,0.0109856269085969,0.0875300605018718,0.13059292667876,"3","1"
113.123232323232,0.109605738895132,0.0165788163023831,0.0771118560361559,0.142099621754109,"4","1"
113.123232323232,0.0290419505001271,0.006185831026143,0.0169179444744364,0.0411659565258178,"5","1"
113.123232323232,0.00667081222714805,0.00173199281693304,0.00327616868447721,0.0100654557698189,"6","1"
114.261616161616,0.620831689181308,0.0398730389269274,0.542681968930367,0.698981409432249,"1","1"
114.261616161616,0.125657810351827,0.00882313921693507,0.108364775256051,0.142950845447602,"2","1"
114.261616161616,0.108818564405037,0.0110673882131026,0.0871268821044324,0.130510246705641,"3","1"
114.261616161616,0.10918028555783,0.0166973116368385,0.0764541561109853,0.141906415004675,"4","1"
114.261616161616,0.0288813855532722,0.00621274020086473,0.0167046385142731,0.0410581325922712,"5","1"
114.261616161616,0.00663026495072627,0.00173483905568128,0.00323004288261749,0.0100304870188351,"6","1"
115.4,0.621850172225996,0.0402134093781158,0.543033338149324,0.700667006302668,"1","1"
115.4,0.125507362315028,0.00887579235910549,0.108111128956926,0.142903595673131,"2","1"
115.4,0.108575283301829,0.0111499113342349,0.0867218586559133,0.130428707947744,"3","1"
115.4,0.108755615672975,0.0168158491831937,0.0757971569044578,0.141714074441492,"4","1"
115.4,0.0287216067048612,0.0062394744399184,0.0164924615201629,0.0409507518895595,"5","1"
115.4,0.00658995977931176,0.00173767107475761,0.00318418705580984,0.00999573250281368,"6","1"
